Date,PrDec,PrInc,PredictedPrInc,PredictedPrDec
2007-01-12,0.06,0.05690639715,0.47335636615753174,0.3734152615070343
2007-01-31,0.06,0.04862699576,0.47319918870925903,0.37350961565971375
2007-02-15,0.05,0.04537094109,0.4731766879558563,0.3735337555408478
2007-02-28,0.07,0.080664519,0.4731924831867218,0.3735889494419098
2007-03-15,0.08,0.07607378031,0.47311314940452576,0.3735309839248657
2007-03-30,0.07,0.06947860949,0.47311434149742126,0.37355902791023254
2007-04-13,0.07,0.04913061217,0.473167359828949,0.3735167980194092
2007-04-30,0.06,0.06854930632,0.4732224941253662,0.37359073758125305
2007-05-15,0.07,0.08866730039,0.47326695919036865,0.3735426366329193
2007-05-31,0.07,0.08911722423,0.47326892614364624,0.37351784110069275
2007-06-15,0.07,0.08814960855,0.4732036292552948,0.3734991252422333
2007-06-29,0.06,0.08502389525,0.4731181859970093,0.3734360337257385
2007-07-13,0.09,0.1139399139,0.4730328321456909,0.37347787618637085
2007-07-31,0.12,0.1608617203,0.4729996919631958,0.37357789278030396
2007-08-15,0.14,0.2201096838,0.4730329215526581,0.37357982993125916
2007-08-31,0.14,0.1850233289,0.4730396270751953,0.37355372309684753
2007-09-14,0.14,0.1894113378,0.47299906611442566,0.3735381066799164
2007-09-28,0.12,0.142358664,0.4729401469230652,0.3735576868057251
2007-10-15,0.11,0.1724111287,0.4728087782859802,0.3735077381134033
2007-10-31,0.13,0.1887169553,0.47272947430610657,0.37366098165512085
2007-11-15,0.18,0.2321308149,0.4727065861225128,0.3736666142940521
2007-11-30,0.18,0.1938966047,0.4726833999156952,0.3737734854221344
2007-12-14,0.18,0.2146537956,0.4726736545562744,0.373720645904541
2007-12-31,0.17,0.2005285034,0.4726788401603699,0.3736738860607147
2008-01-15,0.18,0.2158034483,0.4726824164390564,0.3736291527748108
2008-01-31,0.18,0.1723304994,0.47267863154411316,0.37367331981658936
2008-02-15,0.18,0.1909581549,0.47267577052116394,0.3736629784107208
2008-02-29,0.19,0.2056988553,0.4726918041706085,0.3736404776573181
2008-03-14,0.21,0.2347856572,0.47267743945121765,0.3738059997558594
2008-03-31,0.2,0.1932351627,0.47264739871025085,0.37376347184181213
2008-04-15,0.19,0.1893845804,0.4726526141166687,0.37369441986083984
2008-04-30,0.16,0.1710295081,0.47266024351119995,0.3736744821071625
2008-05-15,0.16,0.142115933,0.4726713001728058,0.3736012279987335
2008-05-30,0.18,0.1685825961,0.47267627716064453,0.373614102602005
2008-06-13,0.17,0.1927859846,0.4726851284503937,0.37357890605926514
2008-06-30,0.18,0.1800417722,0.4726877510547638,0.37356841564178467
2008-07-15,0.2,0.1907528204,0.47268664836883545,0.3735639154911041
2008-07-31,0.17,0.1717625995,0.4726916551589966,0.3735726475715637
2008-08-15,0.17,0.172933169,0.47271591424942017,0.37350067496299744
2008-08-29,0.17,0.1761910956,0.47272759675979614,0.37349823117256165
2008-09-15,0.2,0.2230792523,0.47273552417755127,0.37350380420684814
2008-09-30,0.24,0.2217940703,0.472758412361145,0.37345069646835327
2008-10-15,0.35,0.2942525401,0.4727632999420166,0.3734913766384125
2008-10-31,0.28,0.3615895671,0.4727773070335388,0.37337127327919006
2008-11-14,0.33,0.3163860454,0.472776859998703,0.37347114086151123
2008-11-28,0.33,0.2971304559,0.4727962017059326,0.37342214584350586
2008-12-15,0.35,0.2951129967,0.4728012979030609,0.373453289270401
2008-12-31,0.27,0.2587886737,0.47281408309936523,0.37345394492149353
2009-01-15,0.29,0.2988965044,0.472833514213562,0.3734540045261383
2009-01-30,0.29,0.2897852198,0.47281548380851746,0.373370885848999
2009-02-13,0.27,0.2790281626,0.47279074788093567,0.3734443783760071
2009-02-27,0.3,0.2977931944,0.4727979600429535,0.3734746277332306
2009-03-13,0.29,0.2678376508,0.472825825214386,0.373495489358902
2009-03-31,0.32,0.2511823871,0.4728623628616333,0.37346795201301575
2009-04-15,0.3,0.2638026327,0.47289127111434937,0.3734939396381378
2009-04-30,0.28,0.2668952287,0.4729100465774536,0.3734574317932129
2009-05-15,0.28,0.2124765819,0.47287318110466003,0.37340524792671204
2009-05-29,0.24,0.1832483607,0.472819447517395,0.37346750497817993
2009-06-15,0.24,0.2164316836,0.47279247641563416,0.37351325154304504
2009-06-30,0.24,0.2024613031,0.4727950096130371,0.37341946363449097
2009-07-15,0.23,0.2099101672,0.47277557849884033,0.3735615015029907
2009-07-31,0.22,0.198476882,0.4727924168109894,0.3735238313674927
2009-08-14,0.21,0.1848781681,0.47280561923980713,0.37345170974731445
2009-08-31,0.21,0.2026636514,0.4727831482887268,0.37346887588500977
2009-09-15,0.2,0.1840446266,0.47279390692710876,0.37356266379356384
2009-09-30,0.21,0.1828725095,0.47282785177230835,0.373523086309433
2009-10-15,0.2,0.1769736146,0.4728579521179199,0.3735184967517853
2009-10-30,0.21,0.1894919056,0.4728822410106659,0.37349116802215576
2009-11-13,0.22,0.1742500157,0.47291645407676697,0.37346890568733215
2009-11-30,0.22,0.1795312215,0.47290539741516113,0.37346479296684265
2009-12-15,0.21,0.1731712484,0.47294342517852783,0.37351587414741516
2009-12-31,0.19,0.154218795,0.4729822874069214,0.37348735332489014
2010-01-15,0.17,0.1197623265,0.4730166494846344,0.373492032289505
2010-01-29,0.19,0.1494005787,0.4730434715747833,0.3734892010688782
2010-02-12,0.18,0.1533626139,0.4730812907218933,0.3734942674636841
2010-02-26,0.16,0.1228648006,0.4731024503707886,0.3734304904937744
2010-03-15,0.16,0.1213028267,0.4730929136276245,0.37344086170196533
2010-03-31,0.16,0.1092957772,0.4730755090713501,0.3735066056251526
2010-04-15,0.15,0.1030720939,0.47311025857925415,0.37345224618911743
2010-04-30,0.16,0.1426098118,0.4731360673904419,0.3735235333442688
2010-05-14,0.21,0.1729342984,0.47315505146980286,0.3734702169895172
2010-05-28,0.21,0.2016939394,0.4731275141239166,0.3734511137008667
2010-06-15,0.19,0.1771329044,0.47306710481643677,0.3734203577041626
2010-06-30,0.22,0.2477749162,0.4730435311794281,0.3735140264034271
2010-07-15,0.2,0.2058004114,0.4731024503707886,0.3734895586967468
2010-07-30,0.18,0.1865120049,0.47310671210289,0.3734458386898041
2010-08-13,0.2,0.216516377,0.47295308113098145,0.3734017014503479
2010-08-31,0.2,0.2280584837,0.4728907346725464,0.37360280752182007
2010-09-15,0.18,0.1775634012,0.4728892743587494,0.3735267221927643
2010-09-30,0.2,0.2063875147,0.47288212180137634,0.3734979033470154
2010-10-15,0.19,0.1647745513,0.472879022359848,0.37361252307891846
2010-10-29,0.18,0.1514352896,0.4729430079460144,0.373654842376709
2010-11-15,0.19,0.1432799887,0.47297751903533936,0.37354910373687744
2010-11-30,0.2,0.1626216194,0.47292712330818176,0.37348344922065735
2010-12-15,0.17,0.1281176873,0.4729635417461395,0.37350887060165405
2010-12-31,0.17,0.1259906814,0.4729759097099304,0.3735630214214325
2011-01-14,0.16,0.1033199466,0.4730280935764313,0.3735411465167999
2011-01-31,0.15,0.09388617961,0.47308018803596497,0.3735176622867584
2011-02-15,0.13,0.07616162605,0.4731399714946747,0.3735227584838867
2011-02-28,0.14,0.0986956627,0.4731745719909668,0.37351661920547485
2011-03-15,0.16,0.1369768195,0.4732009768486023,0.37354347109794617
2011-03-31,0.15,0.09865086632,0.47327250242233276,0.3734877109527588
2011-04-15,0.15,0.09978799307,0.47323983907699585,0.37343457341194153
2011-04-29,0.14,0.07971289943,0.4732469618320465,0.37351274490356445
2011-05-13,0.16,0.09794146001,0.473214715719223,0.3734295666217804
2011-05-31,0.15,0.08063319184,0.4731271266937256,0.3734946548938751
2011-06-15,0.17,0.1082810727,0.4730977714061737,0.37350624799728394
2011-06-30,0.16,0.102190433,0.4731239378452301,0.37349846959114075
2011-07-15,0.16,0.1110460554,0.4731564223766327,0.373514860868454
2011-07-29,0.17,0.127059849,0.4731806516647339,0.3735475242137909
2011-08-15,0.19,0.1756172363,0.4732511639595032,0.3735233545303345
2011-08-31,0.18,0.1963995589,0.47329181432724,0.3734855651855469
2011-09-15,0.19,0.2150926016,0.47333988547325134,0.373555451631546
2011-09-30,0.24,0.2511242126,0.47338664531707764,0.37345579266548157
2011-10-14,0.2,0.1993155189,0.4733788073062897,0.3734343945980072
2011-10-31,0.19,0.1780933696,0.47333988547325134,0.373433381319046
2011-11-15,0.21,0.1974487274,0.47324979305267334,0.3734022080898285
2011-11-30,0.22,0.1945744201,0.47327977418899536,0.3735361099243164
2011-12-15,0.22,0.2084884441,0.4733143150806427,0.3735273778438568
2011-12-30,0.2,0.1663501618,0.4733429253101349,0.3735622763633728
2012-01-13,0.18,0.1461482786,0.473421573638916,0.37352409958839417
2012-01-31,0.17,0.1233513943,0.4735121726989746,0.3734961748123169
2012-02-15,0.17,0.1358313486,0.47357645630836487,0.373479962348938
2012-02-29,0.15,0.1159660638,0.473573237657547,0.37346652150154114
2012-03-15,0.14,0.09823920376,0.47368374466896057,0.3734654486179352
2012-03-30,0.14,0.07274899523,0.47372350096702576,0.3734210729598999
2012-04-13,0.16,0.1133068496,0.47375768423080444,0.37343743443489075
2012-04-30,0.15,0.08345674118,0.4737979769706726,0.3734275996685028
2012-05-15,0.19,0.1291104572,0.47398772835731506,0.37345290184020996
2012-05-31,0.2,0.1603314864,0.4740431606769562,0.3733363151550293
2012-06-14,0.19,0.1555089181,0.4739994406700134,0.37335067987442017
2012-06-28,0.18,0.1337397234,0.4739148020744324,0.3733568489551544
2012-07-12,0.18,0.1233319431,0.474070280790329,0.3734429180622101
2012-07-26,0.16,0.1120586634,0.4741972088813782,0.37329748272895813
2012-08-09,0.16,0.1023074334,0.4742462635040283,0.37321752309799194
2012-08-23,0.16,0.1293906717,0.47413161396980286,0.37322014570236206
2012-09-06,0.15,0.1123456632,0.47408953309059143,0.3733113408088684
2012-09-20,0.14,0.083054261,0.47426342964172363,0.37324491143226624
2012-10-04,0.15,0.08233372403,0.4742313623428345,0.37316763401031494
2012-10-18,0.14,0.07004730198,0.4743560552597046,0.37322574853897095
2012-11-01,0.15,0.08082308308,0.4745104908943176,0.3730936646461487
2012-11-15,0.17,0.09183009417,0.4746217131614685,0.37300941348075867
2012-11-29,0.15,0.07174809554,0.47474774718284607,0.3728961944580078
2012-12-13,0.16,0.08307231375,0.47473815083503723,0.37275803089141846
2012-12-27,0.16,0.08981930522,0.4748722016811371,0.3727980852127075
2013-01-10,0.14,0.06073245442,0.4749675393104553,0.3726511299610138
2013-01-24,0.12,0.04288014409,0.47500085830688477,0.37254786491394043
2013-02-07,0.12,0.04692259944,0.4746910333633423,0.37262478470802307
2013-02-21,0.12,0.05188648737,0.4749012887477875,0.37270140647888184
2013-03-07,0.11,0.04190012116,0.4751119613647461,0.3725895285606384
2013-03-21,0.13,0.04731030809,0.4751549959182739,0.3724466562271118
2013-04-04,0.13,0.05159127992,0.4752110242843628,0.3724115788936615
2013-04-18,0.14,0.06445411509,0.47509488463401794,0.37237268686294556
2013-05-02,0.12,0.0452278954,0.47522568702697754,0.37234631180763245
2013-05-16,0.14,0.06105986719,0.47527316212654114,0.372242271900177
2013-05-30,0.14,0.06318931435,0.47539451718330383,0.37224507331848145
2013-06-13,0.15,0.06800722008,0.47561895847320557,0.372031033039093
2013-06-27,0.15,0.07726731082,0.47576576471328735,0.3718644380569458
2013-07-11,0.13,0.0508347842,0.47587937116622925,0.3716909885406494
2013-07-25,0.12,0.04691752116,0.47597450017929077,0.37158331274986267
2013-08-08,0.12,0.04603303755,0.47568777203559875,0.3714856505393982
2013-08-22,0.12,0.05766772768,0.4758893847465515,0.3716651201248169
2013-09-05,0.13,0.06801647579,0.4760834276676178,0.3714801073074341
2013-09-19,0.12,0.04981932195,0.4761366546154022,0.37135812640190125
2013-10-03,0.14,0.06433427935,0.4759308099746704,0.37124380469322205
2013-10-17,0.12,0.04370153141,0.47547417879104614,0.3714016377925873
2013-10-31,0.12,0.04724870859,0.4758251905441284,0.3717502951622009
2013-11-14,0.14,0.05254316561,0.4763145446777344,0.3714448809623718
2013-11-27,0.13,0.04992300156,0.47660863399505615,0.37112441658973694
2013-12-12,0.13,0.05630497147,0.4765879511833191,0.370747447013855
2013-12-26,0.12,0.04241292273,0.4766584634780884,0.37081092596054077
2014-01-23,0.12,0.04311781112,0.4764663875102997,0.370757520198822
2014-02-06,0.14,0.06350679299,0.47648054361343384,0.3708072304725647
2014-02-20,0.11,0.03896950567,0.47684526443481445,0.3706800639629364
2014-03-06,0.11,0.03993,0.47706300020217896,0.37031933665275574
2014-03-20,0.11,0.03863,0.47688764333724976,0.370278000831604
2014-04-03,0.12,0.03545,0.47679251432418823,0.37022945284843445
2014-04-17,0.12,0.03602,0.47695642709732056,0.3701941668987274
2014-04-24,0.12,0.03779,0.47704946994781494,0.37019649147987366
2014-05-01,0.11,0.02983,0.47706109285354614,0.3700636923313141
2014-05-08,0.12,0.03571,0.4770162105560303,0.37002888321876526
2014-05-15,0.12,0.03632,0.47710761427879333,0.3700511157512665
2014-05-22,0.11,0.03131,0.477247416973114,0.3699803352355957
2014-05-29,0.11,0.02991,0.4772437810897827,0.36989638209342957
2014-06-05,0.12,0.03207,0.47716712951660156,0.36981600522994995
2014-06-12,0.12,0.03485,0.4770965278148651,0.36987099051475525
2014-06-19,0.11,0.02917,0.47710058093070984,0.3699272871017456
2014-06-26,0.11,0.03149,0.4771365821361542,0.36987289786338806
2014-07-03,0.11,0.02744,0.47694435715675354,0.3698820471763611
2014-07-10,0.11,0.0298,0.47679924964904785,0.36993253231048584
2014-07-17,0.11,0.03348,0.47702860832214355,0.3701014816761017
2014-07-24,0.11,0.03251,0.47711747884750366,0.3699931800365448
2014-07-31,0.12,0.0472,0.4770696461200714,0.3699979782104492
2014-08-07,0.14,0.05832,0.477020263671875,0.3699488043785095
2014-08-14,0.12,0.03901,0.47696757316589355,0.36997437477111816
2014-08-21,0.11,0.02915,0.47686198353767395,0.3699217438697815
2014-08-28,0.11,0.03496,0.4761714041233063,0.37022528052330017
2014-09-04,0.11,0.03638,0.47596997022628784,0.3704841136932373
2014-09-10,0.11,0.03301,0.4758746027946472,0.3707415759563446
2014-09-17,0.1,0.0327,0.4759281575679779,0.37107157707214355
2014-09-24,0.12,0.04094,0.4758325219154358,0.3711186945438385
2014-10-01,0.13,0.05603,0.475616455078125,0.37129610776901245
2014-10-08,0.14,0.04826,0.4758358299732208,0.3715171813964844
2014-10-15,0.16,0.09241,0.4760338068008423,0.37143293023109436
2014-10-22,0.13,0.06944,0.4762319326400757,0.3713282346725464
2014-10-29,0.13,0.05566,0.4765718877315521,0.371233195066452
2014-11-05,0.12,0.053,0.4768439531326294,0.3709685504436493
2014-11-12,0.13,0.04674,0.47685495018959045,0.3706792891025543
2014-11-19,0.13,0.04999,0.47673967480659485,0.37061402201652527
2014-11-26,0.13,0.04826,0.4768587648868561,0.3705149292945862
2014-12-03,0.13,0.04867,0.47689563035964966,0.3704049587249756
2014-12-10,0.14,0.06383,0.47677332162857056,0.37030529975891113
2014-12-17,0.16,0.08663,0.4766565263271332,0.37040892243385315
2014-12-24,0.13,0.05786,0.47656458616256714,0.37048348784446716
2014-12-31,0.13,0.06682,0.4766523838043213,0.3704931139945984
2015-01-07,0.14,0.07294,0.4764188528060913,0.37042441964149475
2015-01-14,0.14,0.07035,0.47590017318725586,0.370554119348526
2015-01-21,0.13,0.0664,0.47559434175491333,0.37083590030670166
2015-01-28,0.14,0.07257,0.47546425461769104,0.37124696373939514
2015-02-04,0.12,0.05642,0.47550132870674133,0.37151646614074707
2015-02-11,0.12,0.05854,0.4753032326698303,0.37161099910736084
2015-02-18,0.12,0.04772,0.475345641374588,0.37188032269477844
2015-02-25,0.1,0.03681,0.4754832684993744,0.37191513180732727
2015-03-04,0.11,0.03771,0.475717157125473,0.3719272017478943
2015-03-11,0.12,0.05398,0.47591012716293335,0.3717679977416992
2015-03-18,0.12,0.03806,0.47613686323165894,0.3716331124305725
2015-03-25,0.13,0.0581,0.4763599932193756,0.37140291929244995
2015-04-01,0.13,0.05558,0.4765087962150574,0.37122029066085815
2015-04-08,0.13,0.04685,0.47658997774124146,0.3710646629333496
2015-04-15,0.12,0.03939,0.47664758563041687,0.37093374133110046
2015-04-22,0.12,0.04275,0.47686031460762024,0.37077322602272034
2015-04-29,0.11,0.05872,0.4769192636013031,0.3705729842185974
2015-05-06,0.13,0.04919,0.47678709030151367,0.3703981339931488
2015-05-13,0.14,0.05379,0.47676679491996765,0.3703964352607727
2015-05-20,0.13,0.03965,0.4766683578491211,0.37038055062294006
2015-05-27,0.11,0.05352,0.47667476534843445,0.3704586327075958
2015-06-03,0.13,0.0452,0.4768832325935364,0.37043386697769165
2015-06-10,0.13,0.05097,0.47705012559890747,0.3703426122665405
2015-06-17,0.13,0.05175,0.47693485021591187,0.37016886472702026
2015-06-24,0.12,0.04135,0.47692281007766724,0.3701772689819336
2015-07-01,0.13,0.05266,0.47672608494758606,0.37021198868751526
2015-07-08,0.14,0.0544,0.47689732909202576,0.3702651858329773
2015-07-15,0.12,0.03706,0.47724467515945435,0.37023404240608215
2015-07-22,0.11,0.03415,0.4775393009185791,0.3700306713581085
2015-07-29,0.1,0.04914,0.47767141461372375,0.3697681725025177
2015-08-05,0.11,0.03634,0.4777117967605591,0.3695622384548187
2015-08-12,0.11,0.04545,0.47782331705093384,0.36941054463386536
2015-08-19,0.12,0.04141,0.4778992235660553,0.36926332116127014
2015-08-26,0.16,0.10827,0.4779224991798401,0.36911770701408386
2015-09-02,0.14,0.12571,0.4778773784637451,0.36903437972068787
2015-09-09,0.16,0.1379,0.4779241383075714,0.36901557445526123
2015-09-16,0.14,0.09143,0.4776265621185303,0.36892855167388916
2015-09-23,0.16,0.09582,0.47761350870132446,0.3690808117389679
2015-09-30,0.17,0.11253,0.4776913821697235,0.3691195845603943
2015-10-07,0.14,0.07578,0.4776725172996521,0.3691082000732422
2015-10-14,0.12,0.08766,0.47759655117988586,0.36909157037734985
2015-10-21,0.14,0.06566,0.4775165021419525,0.3691704273223877
2015-10-28,0.12,0.04848,0.4775109887123108,0.36921635270118713
2015-11-04,0.12,0.04918,0.4773200452327728,0.369226336479187
2015-11-11,0.14,0.05832,0.47739651799201965,0.3694636821746826
2015-11-18,0.12,0.06368,0.47765183448791504,0.3694412112236023
2015-11-25,0.14,0.06445,0.4779309630393982,0.3693402409553528
2015-12-02,0.14,0.06853,0.47805100679397583,0.36917024850845337
2015-12-09,0.14,0.0782,0.47823426127433777,0.3690740466117859
2015-12-16,0.13,0.06831,0.47862157225608826,0.3688163161277771
2015-12-23,0.13,0.06526,0.47882357239723206,0.36854469776153564
2015-12-31,0.13,0.06724,0.47883084416389465,0.36827343702316284
2016-01-06,0.15,0.08283,0.47887736558914185,0.3682064414024353
2016-01-13,0.16,0.11288,0.47899889945983887,0.3680375814437866
2016-01-20,0.17,0.12132,0.47902852296829224,0.3679041564464569
2016-01-27,0.16,0.11048,0.47914281487464905,0.36782288551330566
2016-02-03,0.16,0.09737,0.4791863262653351,0.3676430583000183
2016-02-11,0.17,0.14312,0.4793616533279419,0.3675432801246643
2016-02-18,0.16,0.11221,0.4797288179397583,0.3674696981906891
2016-02-24,0.14,0.09238,0.48005786538124084,0.3672865331172943
2016-03-02,0.12,0.07703,0.4804134964942932,0.3670676350593567
2016-03-09,0.13,0.07363,0.48047441244125366,0.366730660200119
2016-03-16,0.12,0.05544,0.48057153820991516,0.3665754497051239
2016-03-23,0.13,0.05256,0.4804246723651886,0.3663541078567505
2016-03-30,0.12,0.04699,0.48032552003860474,0.3663240969181061
2016-04-06,0.13,0.04403,0.4803822636604309,0.36627426743507385
2016-04-13,0.13,0.04431,0.48033449053764343,0.3662238121032715
2016-04-20,0.12,0.03931,0.4801711142063141,0.3662002682685852
2016-04-27,0.12,0.04834,0.4805011749267578,0.3662741780281067
2016-05-04,0.13,0.06037,0.480700820684433,0.36617931723594666
2016-05-11,0.14,0.05825,0.48088720440864563,0.3660842776298523
2016-05-18,0.14,0.06112,0.48079222440719604,0.3658963739871979
2016-05-25,0.13,0.05306,0.4809134304523468,0.36593714356422424
2016-06-01,0.13,0.05079,0.48111048340797424,0.3658766448497772
2016-06-08,0.13,0.0493,0.48143529891967773,0.3657830059528351
2016-06-15,0.14,0.07544,0.4815816879272461,0.3656548261642456
2016-06-22,0.13,0.0639,0.48166215419769287,0.3655329942703247
2016-06-29,0.14,0.0589,0.4816518723964691,0.3654537498950958
2016-07-06,0.13,0.05049,0.48158663511276245,0.3653918206691742
2016-07-13,0.09,0.04556,0.48158931732177734,0.3653852343559265
2016-07-20,0.11,0.03934,0.4819847643375397,0.3653731644153595
2016-07-27,0.12,0.0478,0.4822481870651245,0.36526474356651306
2016-08-03,0.12,0.04759,0.4823455214500427,0.365155965089798
2016-08-10,0.11,0.03971,0.482390433549881,0.3650619387626648
2016-08-17,0.11,0.03972,0.4822229743003845,0.3650132119655609
2016-08-24,0.11,0.04459,0.4819115400314331,0.3649774491786957
2016-08-31,0.11,0.04396,0.48192593455314636,0.36503055691719055
2016-09-07,0.11,0.04285,0.48210999369621277,0.36503347754478455
2016-09-14,0.12,0.06264,0.48248180747032166,0.3650483787059784
2016-09-21,0.13,0.04861,0.4828071892261505,0.36497557163238525
2016-09-28,0.12,0.04325,0.4828795790672302,0.36488303542137146
2016-10-05,0.12,0.04652,0.4833229184150696,0.3648514747619629
2016-10-12,0.13,0.05193,0.48375365138053894,0.3647673428058624
2016-10-19,0.12,0.0534,0.4840008616447449,0.36466673016548157
2016-10-26,0.12,0.04844,0.4841756224632263,0.3645591139793396
2016-11-02,0.13,0.06284,0.484426885843277,0.36452504992485046
2016-11-09,0.13,0.04459,0.48473772406578064,0.3644807040691376
2016-11-16,0.13,0.05224,0.4845837950706482,0.36435940861701965
2016-11-23,0.13,0.05225,0.48483261466026306,0.3643856644630432
2016-11-30,0.13,0.05836,0.48528072237968445,0.36440804600715637
2016-12-07,0.13,0.05185,0.4857180416584015,0.3643580973148346
2016-12-14,0.12,0.0615,0.4863186478614807,0.3643783926963806
2016-12-21,0.12,0.05403,0.48685383796691895,0.3643798232078552
2016-12-28,0.12,0.05624,0.4870634078979492,0.364372581243515
2017-01-04,0.12,0.04683,0.48743733763694763,0.364433616399765
2017-01-11,0.11,0.04587,0.4885624051094055,0.36452987790107727
2017-01-18,0.11,0.04543,0.4896980822086334,0.36469560861587524
2017-01-25,0.1,0.0357,0.4911680817604065,0.36490023136138916
2017-02-01,0.11,0.03773,0.4917171597480774,0.3651082515716553
2017-02-08,0.1,0.03409,0.48883330821990967,0.36497125029563904
2017-02-15,0.09,0.03002,0.48740720748901367,0.36500924825668335
2017-02-22,0.1,0.03204,0.4878920316696167,0.364988774061203
2017-03-01,0.1,0.03621,0.488480806350708,0.3649712800979614
2017-03-08,0.09,0.03705,0.4882863759994507,0.3649524450302124
2017-03-15,0.09,0.02919,0.48918840289115906,0.36499282717704773
2017-03-22,0.1,0.03548,0.4885523021221161,0.3649177551269531
2017-03-29,0.1,0.02767,0.48641201853752136,0.3646758496761322
2017-04-05,0.09,0.02539,0.4862654209136963,0.3647488057613373
2017-04-12,0.1,0.02599,0.48625195026397705,0.3646983504295349
2017-04-20,0.1,0.02804,0.487136572599411,0.36468568444252014
2017-04-26,0.09,0.02205,0.4865504503250122,0.36453115940093994
2017-05-03,0.09,0.02245,0.4864383339881897,0.3644794523715973
2017-05-10,0.1,0.0317,0.4869162440299988,0.36458197236061096
2017-05-17,0.11,0.04218,0.48788684606552124,0.3646116852760315
2017-05-24,0.1,0.03407,0.4882967472076416,0.3646305501461029
2017-05-31,0.1,0.03511,0.4881710410118103,0.36463141441345215
2017-06-07,0.1,0.03367,0.4889453947544098,0.3647611439228058
2017-06-14,0.1,0.03266,0.48973336815834045,0.36483415961265564
2017-06-22,0.09,0.03089,0.4896017611026764,0.3648911416530609
2017-06-28,0.09,0.02776,0.488686740398407,0.3648409843444824
2017-07-05,0.1,0.02818,0.48845675587654114,0.3648909032344818
2017-07-12,0.09,0.02636,0.48956990242004395,0.365043580532074
2017-07-19,0.08,0.01955,0.4906061291694641,0.3652011752128601
2017-07-26,0.08,0.01921,0.4913063645362854,0.36538001894950867
2017-08-02,0.08,0.0165,0.4912574291229248,0.3654652237892151
2017-08-09,0.08,0.01999,0.49223917722702026,0.36572983860969543
2017-08-16,0.08,0.02283,0.49187472462654114,0.365840882062912
2017-08-23,0.08,0.02566,0.49259114265441895,0.36610937118530273
2017-08-30,0.09,0.02517,0.49385321140289307,0.36644503474235535
2017-09-06,0.09,0.03143,0.4940468966960907,0.366640567779541
2017-09-13,0.08,0.02335,0.49387073516845703,0.3669128119945526
2017-09-20,0.09,0.02744,0.4944022595882416,0.367217481136322
2017-09-27,0.09,0.03313,0.49490606784820557,0.36752763390541077
2017-10-04,0.08,0.02516,0.4952738881111145,0.3678697943687439
2017-10-11,0.08,0.02402,0.4931802749633789,0.36780619621276855
2017-10-18,0.08,0.01992,0.4912026524543762,0.36767783761024475
2017-10-25,0.08,0.01748,0.4890219569206238,0.36706292629241943
2017-11-01,0.08,0.01602,0.487920343875885,0.36674463748931885
2017-11-08,0.08,0.01652,0.48930370807647705,0.3665584325790405
2017-11-15,0.1,0.03754,0.4886985123157501,0.3660488724708557
2017-11-22,0.09,0.0268,0.4874937832355499,0.3657040297985077
2017-11-29,0.09,0.02942,0.48774808645248413,0.3657023012638092
2017-12-06,0.09,0.03151,0.488176167011261,0.3654254376888275
2017-12-13,0.08,0.03166,0.48680731654167175,0.36516013741493225
2017-12-20,0.08,0.03219,0.4842756390571594,0.3646869361400604
2017-12-27,0.09,0.03324,0.4829755127429962,0.36475369334220886
2018-01-03,0.08,0.02556,0.48275744915008545,0.3647133409976959
2018-01-10,0.08,0.03128,0.4840339124202728,0.3649590015411377
2018-01-17,0.08,0.03578,0.4847075045108795,0.3648742139339447
2018-01-24,0.09,0.0416,0.4856601357460022,0.36475640535354614
2018-01-31,0.09,0.04729,0.486623078584671,0.36474189162254333
2018-02-07,0.12,0.08244,0.48771777749061584,0.3646516799926758
2018-02-14,0.12,0.07988,0.48850056529045105,0.3646931052207947
2018-02-21,0.11,0.08052,0.48947209119796753,0.3647744953632355
2018-02-28,0.12,0.0828,0.49013689160346985,0.3648793399333954
2018-03-07,0.11,0.06225,0.489909827709198,0.36492618918418884
2018-03-14,0.11,0.06777,0.49051621556282043,0.36515241861343384
2018-03-21,0.11,0.07196,0.4916422665119171,0.36540690064430237
2018-03-28,0.14,0.10669,0.4912182092666626,0.36548149585723877
2018-04-04,0.12,0.08564,0.49246782064437866,0.3657442629337311
2018-04-11,0.13,0.09616,0.49347826838493347,0.36605241894721985
2018-04-18,0.1,0.06715,0.49424082040786743,0.36641645431518555
2018-04-25,0.11,0.06486,0.4950908422470093,0.366865336894989
2018-05-02,0.11,0.06331,0.4954815208911896,0.3673165738582611
2018-05-09,0.09,0.04705,0.49443134665489197,0.36762991547584534
2018-05-16,0.09,0.04757,0.4932595193386078,0.3677671253681183
2018-05-23,0.1,0.04482,0.49255189299583435,0.367646187543869
2018-05-30,0.1,0.04534,0.49129098653793335,0.36748144030570984
2018-06-06,0.09,0.03824,0.49130216240882874,0.3673185408115387
2018-06-13,0.09,0.04261,0.4931355118751526,0.3672983944416046
2018-06-20,0.1,0.04556,0.49488329887390137,0.3674892783164978
2018-06-27,0.11,0.0599,0.49528276920318604,0.3677125573158264
2018-07-03,0.1,0.05494,0.4969634413719177,0.3681442439556122
2018-07-11,0.09,0.04125,0.49806392192840576,0.3687182664871216
2018-07-18,0.09,0.03703,0.4987048804759979,0.3694309890270233
2018-07-25,0.08,0.03532,0.4991511404514313,0.3701171576976776
2018-08-01,0.08,0.0352,0.49868008494377136,0.3707531988620758
2018-08-08,0.08,0.03337,0.4958072304725647,0.37091100215911865
2018-08-15,0.1,0.05348,0.49400368332862854,0.3705570101737976
2018-08-22,0.09,0.03338,0.494966983795166,0.37034228444099426
2018-08-29,0.08,0.03552,0.4944339692592621,0.37001821398735046
2018-09-05,0.09,0.04696,0.49577775597572327,0.3699258267879486
2018-09-12,0.09,0.0441,0.49793508648872375,0.3700781464576721
2018-09-19,0.08,0.04604,0.49895739555358887,0.3704950511455536
2018-09-26,0.08,0.03887,0.4984315037727356,0.37090981006622314
2018-10-03,0.08,0.04369,0.4963538348674774,0.3710572123527527
2018-10-10,0.11,0.08583,0.49599671363830566,0.37102773785591125
2018-10-17,0.1,0.06531,0.49792033433914185,0.37113311886787415
2018-10-24,0.12,0.11084,0.4989890456199646,0.3714214861392975
2018-10-31,0.12,0.10391,0.5007651448249817,0.3719867467880249
2018-11-07,0.1,0.06672,0.503248393535614,0.37295860052108765
2018-11-14,0.12,0.08906,0.5051366090774536,0.3742123246192932
2018-11-22,0.13,0.10609,0.5073822140693665,0.3757806122303009
2018-11-28,0.12,0.08646,0.5101242661476135,0.377265602350235
2018-12-04,0.12,0.10139,0.5105031132698059,0.3787815272808075
2018-12-12,0.14,0.12063,0.5130147933959961,0.38072681427001953
2018-12-19,0.16,0.15527,0.5188776850700378,0.3832882344722748
2018-12-26,0.15,0.12689,0.5252643823623657,0.38612374663352966
2019-01-02,0.15,0.12331,0.5303802490234375,0.38974228501319885
2019-01-09,0.14,0.11308,0.5348660349845886,0.3952893912792206
2019-01-16,0.12,0.08829,0.5391542911529541,0.4015924632549286
2019-01-23,0.12,0.09312,0.5436870455741882,0.40523967146873474
2019-01-30,0.11,0.07743,0.5395871996879578,0.41238629817962646
2019-02-06,0.1,0.06827,0.5349432826042175,0.4212503433227539
2019-02-13,0.11,0.06072,0.542409360408783,0.4193558990955353
2019-02-20,0.11,0.05445,0.5472273826599121,0.4184921681880951
2019-02-27,0.1,0.05864,0.5325578451156616,0.41720789670944214
2019-03-06,0.11,0.05401,0.5074026584625244,0.4167301058769226
2019-03-13,0.1,0.04286,0.4935697019100189,0.41607001423835754
2019-03-20,0.1,0.0527,0.48431310057640076,0.4182114601135254
2019-03-27,0.11,0.05855,0.4821055829524994,0.42417094111442566
2019-04-03,0.09,0.05126,0.4832894504070282,0.41724810004234314
2019-04-10,0.09,0.0466,0.48561447858810425,0.3948666751384735
2019-04-17,0.09,0.04158,0.48893365263938904,0.38519787788391113
2019-04-24,0.1,0.03755,0.4898816645145416,0.3809524178504944
2019-05-01,0.09,0.04472,0.4927367568016052,0.3774087727069855
2019-05-08,0.1,0.06069,0.49260032176971436,0.374725341796875
2019-05-15,0.11,0.0566,0.4930633008480072,0.3728753924369812
2019-05-22,0.11,0.05476,0.49513888359069824,0.3718454837799072
2019-05-29,0.12,0.06742,0.4974437654018402,0.3714018166065216
2019-06-05,0.12,0.06038,0.5016186833381653,0.3716126084327698
2019-06-12,0.11,0.05633,0.5083215236663818,0.37302273511886597
2019-06-19,0.11,0.05123,0.5056411623954773,0.37450405955314636
2019-06-26,0.11,0.05718,0.5058819055557251,0.3759532868862152
2019-07-03,0.09,0.04009,0.5058838129043579,0.3772314786911011
2019-07-10,0.09,0.04128,0.5100907683372498,0.37854617834091187
2019-07-17,0.1,0.04342,0.516060471534729,0.3809356689453125
2019-07-24,0.11,0.03771,0.526468813419342,0.38465532660484314
2019-07-31,0.11,0.04669,0.5320658683776855,0.38950711488723755
2019-08-07,0.13,0.06014,0.5404316782951355,0.39589887857437134
2019-08-14,0.14,0.07888,0.5508171916007996,0.4026174247264862
2019-08-21,0.13,0.05889,0.5500779747962952,0.410074919462204
2019-08-28,0.14,0.0781,0.5491888523101807,0.4218466281890869
2019-09-04,0.14,0.07079,0.5503039956092834,0.42058977484703064
2019-09-11,0.12,0.05433,0.5423972010612488,0.4194907546043396
2019-09-18,0.13,0.06496,0.5349937081336975,0.4194932281970978
2019-09-25,0.13,0.0682,0.5289652943611145,0.41885119676589966
2019-10-02,0.14,0.08744,0.5313683748245239,0.4192577004432678
2019-10-09,0.14,0.07891,0.5443738102912903,0.4197954833507538
2019-10-16,0.12,0.05826,0.5539498925209045,0.4210219979286194
2019-10-23,0.12,0.05897,0.5477883815765381,0.42124250531196594
2019-10-30,0.11,0.05868,0.5373662114143372,0.4204789996147156
2019-11-06,0.12,0.0594,0.5335143804550171,0.4205564558506012
2019-11-13,0.13,0.06379,0.5495404601097107,0.4221319258213043
2019-11-20,0.13,0.06073,0.5505725145339966,0.4234708547592163
2019-11-27,0.12,0.05582,0.5430192947387695,0.4246927499771118
2019-12-04,0.13,0.06486,0.5393211245536804,0.4258536398410797
2019-12-11,0.13,0.06244,0.5364797115325928,0.4271908104419708
2019-12-18,0.11,0.05231,0.5357784032821655,0.42789462208747864
2019-12-26,0.11,0.05028,0.5348184704780579,0.42851924896240234
2020-01-02,0.11,0.04794,0.5342038869857788,0.4292745590209961
2020-01-08,0.11,0.04467,0.5327761769294739,0.4298289120197296
2020-01-15,0.1,0.03888,0.5273833274841309,0.43151596188545227
2020-01-22,0.1,0.03776,0.5261999368667603,0.4323352575302124
2020-01-29,0.11,0.05088,0.5238019824028015,0.43286430835723877
2020-02-05,0.1,0.04131,0.5317294597625732,0.43309080600738525
2020-02-12,0.11,0.03991,0.5197370052337646,0.4349850118160248
2020-02-19,0.11,0.04162,0.47745418548583984,0.4361545145511627
2020-02-26,0.14,0.0869,0.48624187707901,0.43656182289123535
2020-03-05,0.16,0.07667,0.5255438089370728,0.43558546900749207
2020-03-11,0.23,0.19566,0.5296984314918518,0.4362483024597168
2020-03-18,0.24,0.33483,0.4792099893093109,0.43821436166763306
2020-03-25,0.22,0.20173,0.441875696182251,0.4385267198085785
2020-04-01,0.25,0.26292,0.48483243584632874,0.4401229918003082
2020-04-08,0.22,0.21209,0.4302230477333069,0.44301894307136536
2020-04-15,0.23,0.2162,0.2072812020778656,0.44462671875953674
2020-04-22,0.24,0.2491,0.07915321737527847,0.4450574219226837
2020-04-29,0.21,0.19888,0.16994398832321167,0.4451036751270294
2020-05-06,0.22,0.23686,0.18662700057029724,0.4448566138744354
2020-05-20,0.23,0.19997,0.18854832649230957,0.44257989525794983
2020-05-27,0.19,0.14434,0.1774001121520996,0.44078925251960754
2020-06-03,0.18,0.1338,0.16751068830490112,0.4371354877948761
2020-06-10,0.18,0.12958,0.1946105659008026,0.43065616488456726
2020-06-17,0.19,0.16661,0.22649234533309937,0.4208129942417145
2020-06-24,0.2,0.17881,0.2134261429309845,0.4127267003059387
2020-07-01,0.19,0.14396,0.1981828212738037,0.40125221014022827
2020-07-08,0.18,0.14136,0.24446894228458405,0.38576892018318176
2020-07-15,0.19,0.14709,0.2968131899833679,0.32318511605262756
2020-07-22,0.17,0.12895,0.3120202422142029,0.20865841209888458
2020-07-29,0.17,0.13708,0.28719308972358704,0.04887994006276131
2020-08-05,0.17,0.13254,0.3004003167152405,0.017788918688893318
2020-08-12,0.17,0.12361,0.32373714447021484,0.0022833964321762323
2020-08-19,0.17,0.12123,0.33106696605682373,0.0011823136592283845
2020-08-26,0.17,0.11332,0.32572659850120544,0.0010745053878054023
2020-09-02,0.18,0.13487,0.32292860746383667,0.0007442089845426381
2020-09-09,0.18,0.14561,0.322754830121994,0.00047501837252639234
2020-09-17,0.19,0.14292,0.33468523621559143,0.00040841169538907707
2020-09-23,0.19,0.14571,0.34481558203697205,0.00041979370871558785
2020-09-30,0.19,0.14801,0.32515162229537964,0.0004267896292731166
2020-10-07,0.19,0.16394,0.30617308616638184,0.00045420139213092625
2020-10-14,0.18,0.13959,0.295179158449173,0.00047165947034955025
2020-10-21,0.18,0.14681,0.30524614453315735,0.000442026270320639
2020-10-28,0.2,0.18173,0.2843930423259735,0.0004014917940367013
2020-11-04,0.17,0.14134,0.07969439774751663,0.0003821948484983295
2020-11-11,0.17,0.10669,0.03153102099895477,0.000375976727809757
2020-11-18,0.17,0.10869,0.03631287440657616,0.00037426932249218225
2020-11-25,0.17,0.10546,0.05344221368432045,0.0003736910584848374
2020-12-02,0.17,0.10749,0.08003359287977219,0.0003782410640269518
2020-12-09,0.16,0.10933,0.11680109798908234,0.0003755792567972094
2020-12-16,0.17,0.112,0.08086685836315155,0.0003745577414520085
2020-12-23,0.16,0.11728,0.04787389934062958,0.00037497340235859156
2020-12-30,0.16,0.11732,0.0280276108533144,0.0003717161016538739
2021-01-06,0.17,0.12252,0.02117805927991867,0.00037117695319466293
2021-01-13,0.16,0.11745,0.029358230531215668,0.0003732314216904342
2021-01-20,0.16,0.11559,0.04749979078769684,0.00037504761712625623
2021-01-27,0.19,0.16506,0.10223627835512161,0.0003903539036400616
2021-02-03,0.17,0.14213,0.2828674018383026,0.0003953297564294189
2021-02-10,0.17,0.12067,0.23063986003398895,0.0003924381744582206
2021-02-17,0.18,0.13024,0.21961989998817444,0.0003974985156673938
2021-02-24,0.17,0.12556,0.28502529859542847,0.0004160500247962773
2021-03-03,0.17,0.13419,0.3010946214199066,0.0004441036144271493
2021-03-10,0.16,0.12029,0.2781199514865875,0.0004912374424748123
2021-03-17,0.16,0.10954,0.2603648900985718,0.0006379711558111012
2021-03-24,0.16,0.11251,0.25942862033843994,0.0007101956871338189
2021-03-31,0.14,0.09206,0.21783721446990967,0.0005527001339942217
2021-04-07,0.14,0.0826,0.07348278909921646,0.00042426574509590864
2021-04-14,0.14,0.0885,0.059701018035411835,0.0004023377550765872
2021-04-21,0.14,0.08606,0.11452518403530121,0.0004107947170268744
2021-04-28,0.13,0.08441,0.25106289982795715,0.00044829744729213417
2021-05-05,0.14,0.09283,0.18496961891651154,0.0005564647726714611
2021-05-12,0.16,0.10217,0.15707622468471527,0.0019860572647303343
2021-05-19,0.16,0.09879,0.15773868560791016,0.013992871157824993
2021-05-26,0.14,0.08569,0.15134938061237335,0.07247317582368851
2021-06-02,0.14,0.07972,0.1334897130727768,0.08522166311740875
2021-06-09,0.14,0.08174,0.12758098542690277,0.0793599858880043
2021-06-16,0.14,0.07791,0.20807062089443207,0.13441231846809387
2021-06-23,0.13,0.07539,0.29921209812164307,0.27458029985427856
2021-06-30,0.13,0.07205,0.3794076144695282,0.2924489676952362
2021-07-07,0.13,0.07586,0.42218920588493347,0.29855379462242126
2021-07-14,0.13,0.08261,0.4371534585952759,0.3068641722202301
2021-07-21,0.13,0.08517,0.4971233308315277,0.3130631446838379
2021-07-28,0.13,0.08507,0.49821290373802185,0.3165820837020874
2021-08-04,0.13,0.0821,0.32883983850479126,0.314691960811615
2021-08-11,0.14,0.06925,0.07700000703334808,0.3127976655960083
2021-08-18,0.15,0.08358,0.07668572664260864,0.29323020577430725
2021-08-25,0.14,0.083,0.21511299908161163,0.3052588403224945
2021-09-01,0.13,0.07893,0.1918402910232544,0.31802672147750854
2021-09-08,0.14,0.08793,0.16746202111244202,0.3203466832637787
2021-09-15,0.14,0.09296,0.15573258697986603,0.3208635151386261
2021-09-22,0.15,0.10558,0.2710822522640228,0.3231799006462097
2021-09-29,0.15,0.1085,0.369840145111084,0.3238902986049652
2021-10-06,0.15,0.10125,0.4637289345264435,0.32338157296180725
2021-10-13,0.15,0.09928,0.5207210779190063,0.32461270689964294
2021-10-20,0.13,0.08434,0.5290198922157288,0.32367345690727234
2021-10-27,0.13,0.08731,0.525749921798706,0.3227095603942871
2021-11-03,0.13,0.08356,0.5033408403396606,0.3229977488517761
2021-11-10,0.15,0.09485,0.5246077179908752,0.3232908546924591
2021-11-17,0.15,0.09446,0.500972330570221,0.32167550921440125
2021-11-24,0.15,0.10239,0.42298680543899536,0.3211316168308258
2021-12-01,0.17,0.14821,0.37950819730758667,0.320681095123291
2021-12-08,0.15,0.10725,0.3898110091686249,0.3222416341304779
2021-12-15,0.15,0.10848,0.5056493282318115,0.32245564460754395
2021-12-22,0.15,0.10919,0.5292183756828308,0.3251182734966278
2021-12-29,0.14,0.1009,0.5273007154464722,0.3279188275337219
2022-01-05,0.14,0.1182,0.52241051197052,0.3303360342979431
2022-01-12,0.14,0.10473,0.4934461712837219,0.3299427330493927
2022-01-19,0.15,0.13302,0.4382003843784332,0.3329143524169922
2022-01-26,0.16,0.15367,0.4130459129810333,0.3316633403301239
2022-02-02,0.14,0.11073,0.3361870050430298,0.32969915866851807
2022-02-09,0.15,0.10984,0.12820935249328613,0.3724970519542694
2022-02-16,0.15,0.14644,0.16679967939853668,0.4044681191444397
2022-02-23,0.17,0.1675,0.2734667956829071,0.4082012176513672
2022-03-02,0.16,0.14241,0.22641102969646454,0.409538596868515
2022-03-09,0.17,0.16846,0.2794339954853058,0.4100751578807831
2022-03-16,0.16,0.14677,0.3676687479019165,0.410550981760025
2022-03-23,0.14,0.13626,0.42914557456970215,0.4109226167201996
2022-03-30,0.14,0.12956,0.45439788699150085,0.41076260805130005
2022-04-06,0.15,0.14546,0.2956569194793701,0.4101814925670624
2022-04-13,0.15,0.15253,0.12673841416835785,0.4121786952018738
2022-04-20,0.14,0.14513,0.16579033434391022,0.42465740442276
2022-04-27,0.16,0.18648,0.2592739462852478,0.42589378356933594
2022-05-04,0.14,0.14858,0.16992881894111633,0.42408233880996704
2022-05-11,0.18,0.20456,0.161665678024292,0.4210326075553894
2022-05-18,0.17,0.19726,0.1819857954978943,0.4175615906715393
2022-05-25,0.17,0.18737,0.17603306472301483,0.4148249328136444
2022-06-01,0.16,0.18226,0.16057796776294708,0.4111659824848175
2022-06-08,0.16,0.17794,0.18010009825229645,0.4019809663295746
2022-06-15,0.16,0.20236,0.24315929412841797,0.37969347834587097
2022-06-22,0.17,0.20089,0.2859092652797699,0.2856564223766327
2022-06-29,0.16,0.1998,0.3002903163433075,0.09293856471776962
2022-07-06,0.16,0.1921,0.2921808958053589,0.02297639474272728
2022-07-13,0.16,0.21004,0.3061222434043884,0.010675354860723019
2022-07-20,0.16,0.19425,0.31450945138931274,0.0011827298440039158
2022-07-27,0.15,0.18882,0.2476753145456314,0.0010038752807304263
2022-08-03,0.15,0.19015,0.07928996533155441,0.0005217026337049901
2022-08-10,0.15,0.18088,0.06459834426641464,0.0004063834494445473
2022-08-17,0.16,0.20528,0.10405313968658447,0.0004082842206116766
2022-08-24,0.16,0.19001,0.24033108353614807,0.00042054796358570457
2022-08-31,0.16,0.22004,0.22236448526382446,0.00041066997800953686
2022-09-07,0.16,0.20094,0.250919908285141,0.00040643574902787805
2022-09-14,0.16,0.22161,0.26834383606910706,0.0004031313001178205
2022-09-21,0.17,0.24129,0.31981149315834045,0.00041552804759703577
2022-09-28,0.17,0.23464,0.32585784792900085,0.00045370697625912726
2022-10-05,0.16,0.23058,0.2521653175354004,0.0005167443887330592
2022-10-12,0.17,0.25345,0.2369726300239563,0.0005901946569792926
2022-10-19,0.17,0.25023,0.2951088845729828,0.000713175511918962
2022-10-26,0.17,0.24426,0.32424184679985046,0.0013784004840999842
2022-11-02,0.17,0.24988,0.21092507243156433,0.004056722391396761
2022-11-09,0.17,0.2398,0.1386357694864273,0.005202890373766422
2022-11-16,0.16,0.22525,0.04887329041957855,0.0034300927072763443
2022-11-23,0.15,0.21181,0.05441208556294441,0.0014535103691741824
2022-11-30,0.15,0.20411,0.062470391392707825,0.0011180018773302436
2022-12-07,0.15,0.21697,0.06098783761262894,0.0006808144971728325
2022-12-14,0.15,0.21522,0.0390806645154953,0.00039806391578167677
2022-12-21,0.15,0.21883,0.02433263510465622,0.00037517937016673386
2022-12-28,0.16,0.22666,0.022586779668927193,0.00037212061579339206
2023-01-04,0.15,0.20563,0.03133809193968773,0.00037306261947378516
2023-01-11,0.13,0.18848,0.047313839197158813,0.00037160058855079114
2023-01-18,0.13,0.18319,0.05657336488366127,0.00037173874443396926
2023-01-25,0.11,0.15281,0.05872177705168724,0.00036995127447880805
2023-02-01,0.11,0.14238,0.05563781410455704,0.0003699921944644302
2023-02-08,0.11,0.15479,0.04113167151808739,0.00036895612720400095
2023-02-15,0.11,0.15641,0.02641797624528408,0.0003689499862957746
2023-02-22,0.12,0.18691,0.022451961413025856,0.0003690092416945845
2023-03-08,0.11,0.1697,0.024637529626488686,0.00036874375655315816
2023-03-15,0.14,0.17429,0.02606150135397911,0.0003687481803353876
2023-03-22,0.13,0.18833,0.026362011209130287,0.00036859067040495574
2023-03-29,0.12,0.16732,0.02556399628520012,0.0003687024291139096
2023-04-05,0.12,0.15521,0.02577047608792782,0.0003691134334076196
2023-04-12,0.11,0.16044,0.026103761047124863,0.00036903985892422497
2023-04-19,0.1,0.1428,0.030297650024294853,0.0003695041814353317
2023-04-26,0.11,0.16126,0.035130806267261505,0.0003690419835038483
2023-05-03,0.11,0.15553,0.03782755136489868,0.00036916634417138994
2023-05-10,0.1,0.14151,0.03501715138554573,0.0003686137206386775
2023-05-17,0.11,0.14225,0.030210640281438828,0.0003685370902530849
2023-05-24,0.11,0.15189,0.025857413187623024,0.0003688708820845932
2023-05-31,0.1,0.14584,0.02433781512081623,0.00036903598811477423
2023-06-07,0.09,0.13126,0.022543534636497498,0.0003688024589791894
2023-06-14,0.08,0.11996,0.020348714664578438,0.00036894294316880405
2023-06-21,0.09,0.12805,0.018681831657886505,0.0003691278106998652
2023-06-28,0.08,0.11296,0.01727813109755516,0.00036929588532075286
2023-07-05,0.08,0.11148,0.015856852754950523,0.0003693597682286054
2023-07-12,0.07,0.10369,0.013387411832809448,0.0003694830520544201
2023-07-19,0.07,0.10169,0.012410136871039867,0.00036977764102630317
2023-07-26,0.07,0.10026,0.012291710823774338,0.0003697716456372291
2023-08-02,0.08,0.11916,0.012060192413628101,0.00036927335895597935
2023-08-09,0.08,0.12557,0.012499413453042507,0.00036948322667740285
2023-08-16,0.09,0.14822,0.012184751220047474,0.00036913537769578397
2023-08-23,0.09,0.13724,0.011705651879310608,0.00036940662539564073
2023-08-30,0.08,0.12061,0.011427287943661213,0.0003697385254781693
2023-09-06,0.08,0.12669,0.011341709643602371,0.0003696930652949959
2023-09-07,0.08,0.12669,0.011391843669116497,0.0003696056373883039
2023-09-13,0.08,0.12142,0.011200827546417713,0.00036952708614990115
2023-09-20,0.08,0.13227,0.010900125838816166,0.0003699379158206284
2023-09-27,0.1,0.15281,0.010711569339036942,0.00037013174733147025
2023-10-04,0.1,0.14919,0.010654129087924957,0.0003701584064401686
2023-10-11,0.09,0.13545,0.010590450838208199,0.00037025526398792863
2023-10-18,0.09,0.15576,0.010538638569414616,0.0003705314011313021
2023-10-25,0.1,0.16193,0.010534089989960194,0.0003706423449330032
2023-11-01,0.09,0.13619,0.010557804256677628,0.0003703744150698185
2023-11-08,0.08,0.11069,0.010492759756743908,0.00037069901009090245
2023-11-15,0.08,0.11591,0.01046923827379942,0.000371022179024294
2023-11-22,0.08,0.10894,0.01047477312386036,0.0003710380697157234
2023-11-29,0.08,0.11415,0.010454562492668629,0.0003711643803399056
2023-12-06,0.08,0.1146,0.01042969524860382,0.0003714720078278333
2023-12-13,0.08,0.09778,0.010430803522467613,0.0003714534395840019
2023-12-20,0.08,0.11931,0.010476815514266491,0.00037124191294424236
2023-12-27,0.08,0.10512,0.0104439128190279,0.00037128309486433864
2024-01-03,0.08,0.1136,,
2024-01-10,0.08,0.09637,,
2024-01-17,0.08,0.09877,,
2024-01-24,0.07,0.09391,,
2024-01-31,0.07,0.10453,,
2024-02-07,0.07,0.08976,,
2024-02-14,0.07,0.09914,,
2024-02-21,0.08,0.10775,,
2024-02-28,0.07,0.10658,,
2024-03-06,0.07,0.10885,,
2024-03-13,0.07,0.11568,,
2024-03-20,0.07,0.11267,,
2024-03-27,0.07,0.10889,,
2024-04-03,0.07,0.1165,,
2024-04-10,0.08,0.12799,,
2024-04-17,0.08,0.14179,,
2024-04-24,0.08,0.11859,,
2024-05-01,0.08,0.1233,,
2024-05-08,0.07,0.10483,,
2024-05-15,0.07,0.10101,,
2024-05-22,0.07,0.10517,,
2024-05-29,0.07,0.10391,,
2024-06-05,0.07,0.0987,,
2024-06-12,0.06,0.09994,,
2024-06-18,0.07,0.10104,,
2024-06-26,0.07,0.10407,,
2024-07-03,0.06,0.09082,,
2024-07-10,0.07,0.09349,,
2024-07-17,0.07,0.11029,,
2024-07-24,0.08,0.1243,,
2024-07-31,0.07,0.10882,,
2024-08-07,0.1,0.15385,,
2024-08-14,0.09,0.10782,,
2024-08-21,0.08,0.09758,,
2024-08-28,0.08,0.09721,,
2024-09-04,0.09,0.11128,,
2024-09-11,0.09,0.09746,,
2024-09-18,0.09,0.10942,,
2024-09-25,0.08,0.09151,,
2024-10-02,0.09,0.10573,,
2024-10-09,0.08,0.1024,,
2024-10-16,0.08,0.10571,,
2024-10-23,0.08,0.09896,,
2024-10-30,0.08,0.11008,,
2024-11-06,0.08,0.09286,,
2024-11-13,0.08,0.10427,,
2024-11-20,0.08,0.10528,,
2024-11-27,0.08,0.09907,,
2024-12-04,0.07,0.09571,,
2024-12-11,0.08,0.10151,,
2024-12-18,0.09,0.14135,,
2024-12-24,0.08,0.09324,,
2024-12-31,0.08,0.10128,,
